meanR,meanG,meanB,stdR,stdG,stdB,green_ratio,brightness,saturation,lap_var,image_id
0.4287691607843699,0.4664369882353275,0.3306956235295335,0.21286442052129406,0.20705443376918117,0.20308765461973002,0.38048479763994386,0.4793089568627451,0.35897745070665366,0.0068590547440907715,ID1011485656
0.432404643137307,0.43219309803925293,0.3677585882353815,0.24229028691294918,0.25681602887925054,0.2240063361810009,0.3507046520341914,0.46532156862745094,0.23198560454197817,0.008278182917548412,ID1012260530
0.4193067294118324,0.42597411764712156,0.37482400000011035,0.1827344381397133,0.18148430263278076,0.17596607467174585,0.3491291083096331,0.4415893647058824,0.17293236357954928,0.005037725931177846,ID1025234388
0.4305991215686676,0.4915363450980443,0.2849654274511105,0.22120756361526916,0.20868780030262832,0.21985333053947267,0.4072040266775434,0.49889756862745094,0.4970667087920903,0.007908568702828142,ID1028611175
0.42896304313730743,0.4347782901961255,0.23072335686290296,0.14080887016967547,0.1379863460630142,0.12801701799500967,0.3972520024569076,0.45472649411764704,0.5214034273737865,0.0036498330060576556,ID1035947949
0.4282909176471167,0.5870076235293403,0.2687801098040476,0.20785702377636522,0.20179764741627626,0.19572880345000207,0.45714304386570587,0.5870750745098039,0.6052149254686648,0.007334077793530363,ID1036339023
0.42648213333338003,0.5764234352940596,0.25888643137268885,0.15327991945306715,0.15233567537483222,0.1341569646942979,0.45682920389190274,0.5766711529411764,0.5796821711951804,0.004082082330468048,ID1049634115
0.31805239215698616,0.4594000313725807,0.21627664313740516,0.20507312459590346,0.22109098739695426,0.16979518378568006,0.4622990776058684,0.45997628235294125,0.6043113163814887,0.007843324163968912,ID1051144034
0.49029270588236545,0.5357116549019422,0.4736967529411909,0.17574555586284438,0.18966850556301604,0.18260729530851919,0.35721228026158897,0.5525479843137255,0.19533484938750786,0.006219202560965763,ID1052620238
0.39658387450987553,0.5517969254901511,0.34747074509814596,0.1805414790287188,0.18466997186810705,0.18888917957951248,0.4258180091320024,0.552305505882353,0.4269215563615444,0.006774694559771336,ID105271783
0.4478464313725716,0.4740590431372634,0.27756395294127667,0.22924344712866207,0.21359558750129976,0.19941189635404458,0.395223948099637,0.5028404705882353,0.5183332885012465,0.006701609491714784,ID1053972079
0.45610650980394507,0.48191422745098145,0.29411209411777384,0.1937584557462026,0.1846524305762643,0.17266327865797487,0.39112197547967786,0.49820414117647055,0.44594779119840916,0.005572293375687523,ID1058383417
0.4213777882353556,0.6009389176469847,0.22851369411778996,0.17373013722883318,0.17840734318476756,0.1392371392106904,0.48043197316477926,0.6010201098039215,0.6551300515040138,0.00566756746861306,ID1062837331
0.4533725490196248,0.5214918588234942,0.32770123921576877,0.2199167898280668,0.2078502412688982,0.19473544121415248,0.40035744808765145,0.5295517490196079,0.4284547044832732,0.0062049762058480245,ID1070112260
0.4472676705882786,0.5772015999999437,0.32421907450990917,0.12107631648853992,0.11222682228186254,0.12100151592707442,0.42797255694381603,0.5798173490196078,0.45332310833407985,0.0028092581275033163,ID1078930021
0.5614858666666158,0.5920726588234583,0.3246165960785439,0.18581617669638095,0.1761120395435087,0.17376819509722347,0.40054297341617845,0.622192062745098,0.5124947207077478,0.004615329339787942,ID1084819986
0.3859920627451592,0.5258095372548758,0.297444203921694,0.2985101879523254,0.29868712158156147,0.27423518057591656,0.4348243633467969,0.5261726117647059,0.550773625426109,0.010832916158576905,ID1088965591
0.542676925490158,0.5000197960784223,0.30954098823542303,0.18117878603887477,0.1779207348067246,0.16039568338639518,0.3697721133521149,0.5609756862745099,0.4759305179519741,0.004549281806266641,ID1098771283
0.47498638431374723,0.49620574117646876,0.3415657098040353,0.2084510959972705,0.21876271619969495,0.1996669409893676,0.37798726273628236,0.5165084235294117,0.3768374186789709,0.007630057116333932,ID1103883611
0.39548561568635315,0.5041192470588189,0.16978923921584854,0.1604470852891939,0.16034649386114475,0.1184234216512177,0.47140642132117133,0.5062403450980392,0.6932275348724811,0.004760246236187155,ID1108283583
0.3883296941177282,0.5464589176470358,0.22776163137269914,0.22332076249423402,0.2281990626299979,0.20569839523251862,0.4700518712225404,0.5465544470588235,0.660565087613039,0.008640569959721811,ID1113121340
0.4133102117647775,0.4539749960784615,0.21062999215701572,0.24631899292397183,0.2560221878115831,0.21248108412254474,0.4211602133982284,0.47382650980392155,0.6504978851998457,0.009683656310124336,ID1113329413
0.4436461803921964,0.4038794039216333,0.3090182588236545,0.23033030492871448,0.23227194062246706,0.20127124833445004,0.34921235884735047,0.45269050980392156,0.34912952069566466,0.008324773028924438,ID1119739385
0.45504800000002016,0.4706227764706084,0.38485882352947803,0.21854993470365774,0.20992288986953145,0.20633241858433435,0.3591088489046423,0.49128128627450984,0.25449789236998993,0.006822950878609469,ID1119761112
0.5224637176470479,0.5594122039215235,0.45758660392160166,0.16575920255319324,0.1763064136709975,0.16344830643754796,0.3633815012028449,0.5736559058823529,0.2184628963972548,0.004392009934918475,ID1121692672
0.3542773647060043,0.46140640000004535,0.2550842039217339,0.23630549097768166,0.2249221170819537,0.21999352660265972,0.43091165694883243,0.4646543058823529,0.5343602648716185,0.008805482892909198,ID1127246618
0.40555206274516353,0.5511070745097718,0.25209634509817935,0.16972403873455552,0.17042969547242665,0.1467811823595331,0.45592932739464265,0.5513298196078432,0.5786826965088792,0.005564650005909455,ID112966473
0.49756768627451553,0.5093841568627414,0.35541709803930827,0.1747608542876523,0.16751794915795207,0.15278410076436327,0.37389589640008425,0.5414910117647059,0.3632599634412995,0.004412477491260982,ID1131079710
0.42234045490200334,0.46172784313726717,0.3451880470589222,0.245975817350921,0.24549913206939433,0.2325935461523866,0.37561558628747116,0.47512790588235293,0.3307185353474701,0.009949193878131915,ID1136169672
0.41377276862753287,0.48759303529414694,0.28610431372564227,0.2288153378123932,0.22947274676071858,0.22199898557285044,0.4106149937057589,0.49189866666666676,0.48711760704496715,0.00900647251463408,ID1139866256
0.3338705568628347,0.4486659764706152,0.29407890196089714,0.15577304882538756,0.15283396605764377,0.14701511582558574,0.4167374545686429,0.4503897098039215,0.38053400120091324,0.0037836421912491487,ID1139918758
0.4212982588235949,0.48825317647059946,0.23999852549035236,0.2023817477111278,0.1952551429416308,0.17968821210082578,0.4247341939907,0.4904508549019608,0.5712583058499626,0.007221116108648689,ID1140993511
0.37341389803930103,0.4966006274509868,0.22754996078446266,0.18782218329828002,0.18709330172712857,0.15622130395186204,0.4524569018117967,0.49723996862745096,0.591952640128964,0.006647641047301382,ID1148528732
0.4812549019608053,0.5558745411764409,0.44201700392161164,0.1626448276980477,0.16428960935067635,0.18111462470773965,0.3758076435946805,0.5636049568627451,0.25752222079927023,0.005571082979949164,ID1148666289
0.30341204705897823,0.45098127058829673,0.22056953725508743,0.2971023060834764,0.275811902984174,0.26445538873314606,0.46256251492873307,0.45106807843137253,0.6330241536459301,0.008926832686998667,ID1149598723
0.4743490823529646,0.5993333960783535,0.2612937411766023,0.1837206354355279,0.17894213616686874,0.16384411515448155,0.4489468702337106,0.6006540549019608,0.609647137979388,0.005586726435391005,ID1159071020
0.45206776470590504,0.4438369254902313,0.3366349176471666,0.2534282494380795,0.25598745426927877,0.22428770717249083,0.36009952321674865,0.4799278117647059,0.33497634754513683,0.009697241200812334,ID1163061745
0.35232865882364556,0.4964194196078487,0.27777835294132647,0.2304069295241686,0.23120348676645483,0.22030371678486238,0.44066380099242985,0.4966239058823529,0.5226870876067573,0.009087789346676802,ID1168534540
0.4397786039215842,0.4655443450980451,0.30664828235303365,0.22861708095810807,0.22180838993957758,0.2141310310125446,0.3841216133378463,0.478977662745098,0.41680077816029276,0.008049217278899625,ID1176292407
0.4944694901960764,0.42786578823534555,0.2630860549021022,0.24571045253931267,0.24214126104976608,0.20363033293497015,0.36093984125560147,0.5092812235294117,0.5401263036449867,0.008860529903933214,ID1182523622
0.4870462431372651,0.5385899607842805,0.21887538823544114,0.19984980199851854,0.19751264012253006,0.17381262466381509,0.432772152341325,0.5501811450980392,0.6554844519839395,0.005980837545341834,ID1183807388
0.4558626509804368,0.517026101960777,0.2456516078432862,0.18009587752648099,0.18253441188275754,0.1607701270572644,0.42429952931851556,0.5236400941176471,0.5747622206440267,0.005751724449765598,ID1193692654
0.5644458980391759,0.5760479058822929,0.28011002352954495,0.14274126588479952,0.13947880391441403,0.13514843922062422,0.40549511013946743,0.6033733647058824,0.5591101923522076,0.003472867061809803,ID1199150612
0.3933999372549837,0.5272631215686147,0.23228803137270426,0.22601901234849467,0.21721898397814302,0.20933145577774048,0.45731612172856884,0.5274714980392156,0.6366495324970568,0.00888005697356218,ID1208644039
0.5315866039215479,0.5514929882352564,0.3287484235295288,0.15852724320180842,0.15701986887470554,0.1560504739765525,0.3906233491028547,0.5737559843137255,0.448810623005758,0.004414084848604892,ID1211362607
0.41678249411770607,0.5080087843137124,0.333992031372653,0.2295002403423177,0.2285751827981393,0.2218113045735386,0.4035712739067157,0.5097223529411765,0.40848625355367574,0.009296820697713407,ID121331988
0.36946183529420507,0.4854262274509909,0.27403708235307794,0.240185976699271,0.22133763343742402,0.22545812768194443,0.42998973769757276,0.4880951529411765,0.5197814106951156,0.008468090291767275,ID1215977190
0.392398305882447,0.40185029019616336,0.2654603921570198,0.2514165284515777,0.25195618563325733,0.2087364682822264,0.3792081545764924,0.431278305882353,0.41630058938779113,0.009426143689739345,ID1217108125
0.5300455215686021,0.4885300705882477,0.4079743058824182,0.1629476259715202,0.1601181054759952,0.15531303951030043,0.34245564835639875,0.5419705725490196,0.26477518368716274,0.004457578016331921,ID1237349078
0.44211083921572997,0.4518760470588597,0.2521663058824976,0.25669402170818467,0.25256249206224096,0.2257434473978762,0.3942544938640914,0.47357458823529414,0.5452539657744327,0.010668538256445531,ID12390962
0.4606193254902318,0.4751548862745413,0.29573822745112804,0.210965069417582,0.21145204445919374,0.21788963786334736,0.3858303584746899,0.49305025882352943,0.4709681255959382,0.008247249215222735,ID1244346858
0.4028689568628279,0.45318989803925974,0.31012216470601894,0.19153517105449624,0.1830796779540436,0.16956574077250253,0.38861025006473116,0.4609326431372549,0.36626960945086484,0.006558736079782899,ID1249094008
0.43566465882354904,0.46525760000000416,0.3561328627451685,0.2253990360323901,0.21947214683296837,0.21313141220215584,0.3701171027800883,0.47979444705882346,0.3057961594880866,0.0076235236756295255,ID1251029854
0.3950948078432015,0.46027441568629823,0.35748282352950134,0.17196056195665058,0.17102041795221268,0.1659989035721868,0.3794975788043584,0.46870224313725484,0.285163114947245,0.005753140814886492,ID1254829053
0.5385449725489977,0.4960869647058932,0.3422498196079459,0.18652264587688344,0.18932125809347236,0.18244962556504882,0.3602974343097606,0.5515548862745099,0.42102862050084383,0.0060323671038039805,ID1268934251
0.3783176470589369,0.44701926274515097,0.32071808627466114,0.2566308290863361,0.24971815642967404,0.26080989995659065,0.39005044599481364,0.46606864313725493,0.4353771239241495,0.008746149737525822,ID1275072698
0.4885622588235294,0.4817693176470729,0.48151447843137934,0.16068940481667643,0.18649877321134614,0.15880593028319623,0.3318322322732532,0.512296,0.11487512135233471,0.006252151820541457,ID1277756619
0.38164087843145333,0.5429904941176231,0.2125797647060341,0.15705500404922,0.15746166718034735,0.1315598960624948,0.4774755327764069,0.5432693647058823,0.641780661690065,0.004878069940444038,ID1291116815
0.5206805333333204,0.5247215686274331,0.3241464156863961,0.1887020002720593,0.18384993696854612,0.1779630199473832,0.3831347056953901,0.5523807372549019,0.4553447384773964,0.005515075105291452,ID1294770420
0.41981261176478063,0.5215930666666657,0.2733677176471999,0.2340020141242697,0.23406066246298873,0.2006479254880493,0.42937478538879864,0.5251077333333334,0.5452456717995484,0.007705077362535958,ID1314135397
0.4147452549020254,0.512742117647058,0.2539052235295451,0.2186202593452931,0.21239132763409546,0.1989869713268389,0.43401500814799165,0.5131892078431372,0.5790197490425014,0.008372560614835739,ID13162390
0.4473050039216057,0.3474026039216651,0.18300505098055528,0.1490679328854622,0.13980539333291855,0.12036843991345285,0.35532178133426595,0.44924737254901964,0.6257214740929669,0.004021713689332281,ID1337107565
0.4655942588235505,0.5817618196077727,0.25123435294130175,0.18329143383811802,0.18408022851234396,0.16275787968434666,0.44799484510666615,0.5825581803921568,0.6140708392572625,0.006028806236839952,ID1343327476
0.3973099921569358,0.4565326117647282,0.3200629019608961,0.201011526382498,0.20375723337045415,0.1828834877294684,0.38890064752920583,0.4633719843137255,0.34513697612353067,0.007245137156554847,ID1345375788
0.45186889411766934,0.5232395607842963,0.3439219450981307,0.1677674010426791,0.17348989509141496,0.15880306513479167,0.39668498951015313,0.5314454588235296,0.3779860821503209,0.005622064927819785,ID135365668
0.5250873725489916,0.5745253019607414,0.30921615686284776,0.12819039908493476,0.1277318057509832,0.11766250931129701,0.40780348099008923,0.5831089568627451,0.48639870995667567,0.0030305204515387076,ID1354190372
0.42589822745104733,0.473263309803946,0.40702694901968545,0.24422299634100786,0.22907323383587475,0.2306677828220884,0.3623239022657404,0.4911528784313725,0.2472946227344813,0.006292380559406866,ID1357758282
0.4488588549019881,0.4978241254902037,0.3054894431373703,0.2229859653099179,0.2244913093742649,0.20708068963432064,0.39756835060254175,0.505742525490196,0.4621417265883188,0.008679028579718492,ID1357768767
0.48507344313726436,0.4942907294117722,0.2921121882354117,0.22065228182074742,0.212250104986352,0.22067966726366608,0.38875337699401813,0.5179540705882353,0.5061302475066306,0.006849770453984923,ID1370004842
0.40150017254908243,0.5472301490195702,0.23053355294132769,0.195415803182905,0.19839679321112277,0.17064800917899506,0.46404385005257365,0.5476462431372549,0.6311971018353119,0.00706761220489572,ID1374789439
0.27844752941192075,0.3980628705883381,0.23721229803937943,0.24376863470684212,0.2452740546838193,0.21272237753341286,0.4356495367869478,0.3989505882352941,0.47062174001277285,0.006652190920349745,ID1385921939
0.4098839215686952,0.5781146352940585,0.2130041725491737,0.18083214202256742,0.18474081999742079,0.1479763094783031,0.48135996751295745,0.5791833098039215,0.6646474578892999,0.005347771547069,ID1386202352
0.5096801568627439,0.4833312941176641,0.36123501176480155,0.20307203389220707,0.2086460298276588,0.2001240765280986,0.3569005399364284,0.5240219607843137,0.35342585218756034,0.006704084805444761,ID1395011773
0.5418286117646596,0.5174144627450793,0.42368260392159607,0.16422932970612078,0.14947226370680652,0.15503014056289513,0.3489146286437597,0.5676552784313725,0.2715533062524009,0.0038159619927537114,ID1403078396
0.424901270588292,0.42980357647063416,0.3763904313726314,0.1543744504765012,0.15473648116057276,0.14279351420920527,0.34912291814577534,0.4540038274509804,0.1990186663407198,0.004571653190685834,ID1403107574
0.5175914980392008,0.5033076705882363,0.40166218039222745,0.1731886149153428,0.17449658773376978,0.16690584517866464,0.3538038416278348,0.5356093176470588,0.27110423473476525,0.004803964352779509,ID1411613934
0.4340236549020075,0.543888658823491,0.24789910588249897,0.18760937588457743,0.179820836049802,0.1671503447873991,0.4436968441309875,0.5449493960784314,0.5915244972236573,0.006125136710944686,ID141370843
0.4580742274510098,0.46471322352942235,0.34819140392166725,0.2063462487452876,0.20050384932641058,0.20373784174144385,0.365634110568727,0.48911178039215686,0.3370913344601193,0.006828574608470928,ID1413758094
0.4578125803921788,0.5333584313725205,0.2782615529412985,0.1518606767177705,0.14396636579305955,0.13751351170626083,0.4201549934839524,0.539988737254902,0.5130485926975165,0.003772076980278699,ID1414371018
0.45930155294121955,0.5697399215685843,0.4306968784314307,0.1963084046408677,0.21896104097517935,0.19599308393860368,0.39030276900672617,0.5736175058823529,0.2858641659425587,0.004897848602998083,ID1415329644
0.35137744313733127,0.46535435294118016,0.2818927058824686,0.22000547491849426,0.22092586943538892,0.21179501666265316,0.42357907700672154,0.4674411294117647,0.46974153733553564,0.008453967850855941,ID1421714468
0.44666597647063433,0.6115237333332553,0.2355246745099517,0.15874511648305079,0.15721426378939826,0.13206422863303335,0.47268836172437406,0.6117468862745098,0.6436479946159188,0.005061800248035155,ID142751858
0.37793226666675045,0.4232890039216187,0.25638218039230193,0.25919353783454707,0.2583329523625501,0.2202344642381368,0.4002341360827506,0.444095968627451,0.4783008473385722,0.009574208581042912,ID1428837636
0.35177465098049415,0.49411510588236285,0.1982116078432846,0.2062505276138672,0.21438788059518663,0.17756456533830264,0.4732443823097438,0.49467159215686274,0.6757380549107503,0.007870812804551193,ID1437386574
0.26137392941194204,0.19302004705896592,0.2163060078433047,0.15680431471929426,0.0839706023792651,0.09100144329537978,0.2877889537578251,0.2669800156862745,0.23316817615323054,0.0014086579288506323,ID1444674500
0.4376586352941721,0.5836058980391675,0.22051338039232865,0.16256099016380432,0.16627701206007175,0.1501601599220209,0.46997606505837786,0.5842694901960784,0.6550941674605084,0.004663830516323456,ID1450399782
0.5124791843136994,0.5306312470587911,0.3427957333334126,0.16332697443428776,0.1532916019086848,0.15450760064519886,0.382876748938134,0.5505272470588235,0.4063047469398212,0.004137530773712389,ID1451025862
0.5359981176470142,0.4913338980392101,0.42339899607847303,0.21462896287374036,0.19517564374218663,0.17184285043238115,0.33868021963827866,0.5415921568627451,0.23320651921965066,0.004790703069800649,ID1456861072
0.4385925960784883,0.4975026196078566,0.42397634509810556,0.18954593561620253,0.23782291600524827,0.20083274857348243,0.3657915021435488,0.5196422901960784,0.23389246978423275,0.00448404963224112,ID1457700382
0.5180636235293923,0.5285349960784079,0.3241294117648125,0.21892274862345393,0.21111248775912242,0.23041940781680656,0.385587062930025,0.5503737725490195,0.48225205755853556,0.006482335632755311,ID1458758610
0.42741189019613934,0.5701467607842691,0.33442032941188327,0.24149546576851091,0.2488920311350765,0.22843678623662092,0.4280448631316282,0.5710041411764707,0.4786274158282609,0.0072863576524988035,ID1463690813
0.5692996392156221,0.5500436078430975,0.4965446588235137,0.13863367783101097,0.12427264097158652,0.13835983407552838,0.34039713119976023,0.5877573333333332,0.16531908041601034,0.0026613444385281755,ID146920896
0.3542542745099059,0.5271435294117444,0.2160754196079803,0.24218335897507234,0.24613118589087443,0.20776016371952874,0.4803247292321637,0.5271527529411766,0.6815308475198406,0.009184811655470101,ID1471216911
0.4084472784314006,0.49265807058821076,0.299348203921654,0.21674142089881684,0.21733680006275216,0.19048427306144838,0.4103932792491154,0.49660225882352943,0.4501944661747445,0.006402967943009454,ID1472525822
0.4514208000000469,0.5463083607842899,0.30903952941189916,0.2217537507327243,0.21856035176388663,0.19277602106456718,0.4180604910913429,0.5501229490196079,0.49286604442393406,0.007001237932929093,ID1473228876
0.34845650196092115,0.4835174588235705,0.2661800156864462,0.2799296730854062,0.2628775538389259,0.25796539501253307,0.4403002390767797,0.4836871529411765,0.5599319080067838,0.011691388445269924,ID1474775613
0.4302703058824028,0.5023249568627361,0.35290836078440985,0.25035450999959274,0.25120824168132705,0.2527568559602967,0.39076121395345753,0.5120929882352941,0.40656291915701004,0.008599770482241987,ID147528735
0.41745807058829326,0.5366647529411452,0.2356972235295584,0.21315572701781715,0.20592390457864757,0.18916773960461483,0.45104699136363413,0.5369904627450981,0.6268077116103853,0.007719894633560685,ID1476045099
0.3880776784314468,0.5415681254901646,0.24514974117661675,0.18608220713965515,0.1840319111114052,0.16441992216985601,0.46098925663179396,0.5418368941176471,0.5945579030369598,0.006013411061881638,ID1477176296
0.41741822745103935,0.4203066980392794,0.30580021960797527,0.23638222870504916,0.2387475793431011,0.22366527337779463,0.36755352470679387,0.4436440156862745,0.3714006100005883,0.010935162613865916,ID1488408526
0.44937057254905555,0.5283615999999753,0.2600718117648559,0.18748248838756798,0.18262312042276987,0.17078611509238179,0.4268540142613868,0.5302577882352941,0.5594644063839934,0.006415831134947409,ID1496750796
0.5584021960783903,0.5348639372548741,0.4471792941176768,0.1426737158649456,0.1271999805824423,0.1388150692161017,0.3472138171053088,0.5773117176470588,0.24034472028982756,0.0028818690939242508,ID1498398599
0.38960414117655445,0.5028476549019588,0.24552630588249513,0.23001133168041393,0.22342308139288106,0.20560603925313586,0.4418781465069968,0.5032970352941176,0.5944513363245064,0.009460934613175454,ID1509266870
0.47631247058826104,0.46432652549023856,0.30898534901974517,0.22611497901269426,0.22939892097937362,0.21670217667603187,0.3715728866359118,0.502632062745098,0.44754845828257184,0.008362194786766915,ID1510574031
0.4683298196078716,0.5713097098038745,0.23912207058839668,0.18673775149210392,0.1881917149239856,0.1713033154055632,0.4467679584349754,0.5740095686274509,0.6243632116808853,0.0060495468784419046,ID1512751450
0.5119943215686213,0.5070670745097988,0.45701082352943806,0.14327593666728694,0.14462667459561243,0.1461576814732282,0.3435245697537649,0.5395217882352942,0.17105928489268085,0.004799653286514667,ID1513184765
0.5078481254901865,0.5202065254901819,0.510272878431366,0.14072903116802127,0.13874942553594002,0.1330964365893625,0.3381636973960599,0.5430379294117648,0.10654162960629325,0.003725932151411927,ID1515990019
0.5455008627450773,0.4993909333333287,0.4430198588235761,0.10495713884003509,0.08451836671808274,0.10362494105969138,0.3356321132054003,0.5512569725490196,0.19995562647416734,0.001258508454088978,ID1516374298
0.4099359686275152,0.5868966901960153,0.21830378039229972,0.18447099982431187,0.18762529774341344,0.15022171428222048,0.4829883054875482,0.586919811764706,0.6708722039234188,0.005817144738016964,ID152157478
0.4526201411765045,0.5450186980391856,0.3456881882353827,0.18986784996510722,0.18712734580319046,0.19252972681437683,0.40572301941070965,0.5483080784313725,0.4156790941184322,0.006623164572909444,ID1525817840
0.47314644705885484,0.5154891294117493,0.3167386666667922,0.20454129508848767,0.2151303758461644,0.19706508213298918,0.3948975795461549,0.5254004705882352,0.44333206478560144,0.0072469171426363865,ID1540480250
0.5862428235293389,0.5052634980392118,0.35324053333342154,0.15262478922336778,0.14387177300842777,0.1412186601891692,0.34972458737331524,0.5887162039215686,0.42059256786836186,0.003352068742357378,ID1545077474
0.44313120000002526,0.5103089568627225,0.25927557647070465,0.21167976065416522,0.201744889389905,0.18517787644969835,0.42079849581831696,0.5139438745098039,0.5537125117664996,0.00645200350352235,ID1547945326
0.49286465882353403,0.5505460078430956,0.49134553725490565,0.17755077787727433,0.15909506270324691,0.1697644961410473,0.3587188675814752,0.5710071843137254,0.20425283887318552,0.0030430245250275215,ID1559189397
0.42881305098045686,0.5054792156862785,0.33085044705895006,0.22364410140830893,0.22425982816631512,0.22220094769847315,0.39954323714054585,0.5093350901960784,0.41711763596004797,0.008176732432638183,ID1563418511
0.5027200627450954,0.5168795294117502,0.33009760000011795,0.1904553863159829,0.18947931234494456,0.17422749397515805,0.38295962385663745,0.5441203764705883,0.42448449508781044,0.004974464906293452,ID1570190541
0.4522093176470946,0.5146913882352807,0.32114961568637607,0.21952497832572937,0.21574842278741843,0.1961632239995593,0.39958950300081025,0.5221324549019608,0.4368530003650597,0.006650898685605178,ID1573329652
0.5125975843137067,0.4885343058823593,0.34458682352949704,0.18211649511704253,0.18346003960574248,0.16838478948014096,0.3630285441798197,0.5304466509803922,0.37517329220690787,0.004966028176684124,ID1574125908
0.4329249254902478,0.48857418039217493,0.36246208627460896,0.23018142486102255,0.23126915510594595,0.22694754101131334,0.38052098692395686,0.4959141647058823,0.3325452524887298,0.008330293075818496,ID157479394
0.44914014117650763,0.4943184627451047,0.3031155137256144,0.2314729985772125,0.22828526350574196,0.2013948386260423,0.3965415737024409,0.5138542117647058,0.4567265199646236,0.007319324214020535,ID1579942839
0.45050635294122215,0.6227041568626631,0.2510310588236805,0.17067301224622436,0.1665701084542708,0.16438934443567826,0.47023456380227857,0.6229781019607843,0.6354026798625708,0.004576021825918842,ID158170916
0.5030324392156771,0.543536282352906,0.33421047843147095,0.14385944282964797,0.13933119265313465,0.1385017417565884,0.39364460440832255,0.5560933333333332,0.42115115329410074,0.003500293249036434,ID1590632667
0.4514545882353217,0.5595407372548653,0.2776600784314886,0.16701671541276653,0.15405485683835823,0.14754898771299724,0.4342050909171285,0.5626324078431372,0.5378468731816579,0.0038162314543965397,ID1618145129
0.41636078431380275,0.4813833098039331,0.3619829019608831,0.2104875479891916,0.18681042382009552,0.1819942930687114,0.38213304225462286,0.4910872470588235,0.30671780652729946,0.005722546012513224,ID1618597318
0.4425342431372948,0.5949432470587563,0.22206054901974992,0.1708138794967148,0.1729323825944809,0.14954812247275348,0.4723503602613087,0.5951399215686275,0.6643004343245416,0.005249657876171512,ID1620371305
0.5249949176470459,0.5752340705881753,0.3279636705883556,0.18070949927108024,0.18586024334227458,0.17952320208288533,0.4027706392632164,0.5860367686274509,0.47151195938407986,0.0057559461175136,ID162394992
0.5711837490195432,0.5332155607842859,0.4303592156863207,0.16828106456110656,0.16280491610707976,0.16910334004570474,0.3474263550786066,0.5784086588235295,0.27824706522590714,0.0041754900094826556,ID1623964968
0.4545891764706172,0.5085914352941063,0.31261138823540263,0.21315984721949383,0.21220135046066313,0.18590582831255478,0.3986476125382573,0.5193160784313725,0.44731609837432323,0.006687620989904266,ID1624268863
0.5143121568627368,0.5188170980392057,0.301726180392286,0.18650162764445907,0.18160930139056342,0.1572305627386616,0.388669127706836,0.5535082666666667,0.4862528214143482,0.0046746803653760554,ID1634731537
0.44522418823532556,0.4399678745098421,0.24112263529425898,0.24841812048843528,0.2565612693825554,0.22297125840961518,0.39062606115774484,0.4805787607843137,0.5810859244468548,0.009638509557444322,ID1638922597
0.45467334901964274,0.5042076235294145,0.30480727843151156,0.2093065862611761,0.20105548872175705,0.2045076379509375,0.39899684335845786,0.5158891921568627,0.4673128329851384,0.006519103214061142,ID1645161155
0.3964038274510436,0.45265242352944374,0.3044760784314945,0.22526429260368871,0.2245266704282889,0.20521206765468505,0.3924054936265026,0.4616192941176471,0.398880271447739,0.00800275588683657,ID1655778545
0.4277372862745585,0.5556092235293785,0.22627513725504184,0.1733147457797087,0.175138770185485,0.15408160672120316,0.45932480161952927,0.5563110901960784,0.6341305576744152,0.005670087496343249,ID1665142816
0.3791345568628295,0.48431538823530107,0.21800244705896868,0.23614318879949278,0.22746118380830227,0.20601367222969758,0.4478379180626086,0.4850978196078432,0.640788372995526,0.00998363529146189,ID1667778338
0.4857656784313822,0.5593365960783849,0.43460555294122294,0.1887792286687097,0.1833777178940542,0.18624210352825216,0.37800475561713964,0.563951843137255,0.26029304957097715,0.006066177214044408,ID1671844336
0.407903811764768,0.569140392156809,0.2164826980393589,0.19520024015879292,0.20267418410754248,0.1710435380456268,0.47685593910356705,0.569200094117647,0.6726355113854865,0.007030645925013577,ID1675365449
0.42728712156868975,0.47286007843139394,0.29918992941189926,0.2357788911397179,0.23985747185061698,0.2186955201397675,0.3942678555019491,0.48170945882352945,0.4525747516068701,0.010059601668980622,ID1680597197
0.4643034980392585,0.5437335529411463,0.3580346980393424,0.17398079340002398,0.1754590869555456,0.16165636842180872,0.39802708235002027,0.553067105882353,0.3722473811011092,0.004369932914916888,ID1692894460
0.44638136470592377,0.5732478745097391,0.36349584313734473,0.15851261733326824,0.15494095641736028,0.17568724538973296,0.414458447330054,0.5736842980392156,0.40434843273376253,0.004661542577122363,ID1693880739
0.4645824313725928,0.6066530196077796,0.22330911372565992,0.14523073534882747,0.14439288046009985,0.135000163769234,0.46862273858985826,0.6079347450980391,0.6593206675008284,0.003592154881485291,ID1703304524
0.497894054901973,0.48453487058825556,0.317250133333461,0.19074405434663907,0.1963678035683029,0.18320456903390311,0.37281116974677275,0.5188957490196078,0.4383589475295538,0.006067680573547377,ID1717006117
0.47658563137255994,0.4756889098039459,0.35022490980401944,0.22739565694312802,0.22978147666434057,0.226326679776026,0.3652123684817168,0.49913185882352945,0.353317869402002,0.00942876805553231,ID1729002155
0.5616836392156445,0.5086600784313662,0.4178918588235918,0.13694039937948552,0.13292327502686688,0.13124653993318194,0.34178733940488254,0.5671381960784313,0.2726202748985484,0.0029894194299133177,ID1746343319
0.3992987607843887,0.5884141490195497,0.23295909019622393,0.18511806708024373,0.19259319647809506,0.15896452384765705,0.48204116137457914,0.5884233098039215,0.6480831134575774,0.00569649940775078,ID1753847361
0.38891425882359987,0.4111702274510447,0.3528398117647914,0.1286483077259452,0.12655439958095385,0.12121454696408414,0.35663245869101123,0.42960106666666664,0.20375205327472892,0.0030999808451313096,ID1761544403
0.4074227137255479,0.4819185882353,0.2839882666667927,0.21971245304135378,0.20464261768330513,0.20674695022557485,0.4107273870104869,0.4882062117647059,0.4822969192887397,0.007553295080934935,ID1781353117
0.47924047058825736,0.48220570980394145,0.34602723137264146,0.21691509718258117,0.2185213309477451,0.2219249142200368,0.3688072775294514,0.5038598901960784,0.3692564422164426,0.008663416544328858,ID1782509721
0.4178130823529642,0.546316203921516,0.1980805333334321,0.22245948437025304,0.21704961362611577,0.19962868356835267,0.47006675923264585,0.5471810823529412,0.7033189607989688,0.006760881974549349,ID1782608354
0.41220197647066864,0.47160282352944227,0.30633258039229744,0.20837869936911405,0.19926762361268088,0.1907086566681106,0.3962591469714931,0.4781465098039216,0.41351330913322665,0.00791054993285034,ID1783499590
0.4788986666666861,0.5910304627450198,0.26875441568642044,0.1560422431637723,0.16413703869220647,0.14661922394020366,0.4415012528298431,0.5932323764705881,0.5761033529501098,0.003809059267045358,ID1784585001
0.45048203921571833,0.6032730980391319,0.2396874980393587,0.177627397720558,0.17816896852909114,0.1557692922839805,0.4664088542554509,0.6035734588235294,0.6428243973194903,0.004615186102670778,ID1789265307
0.5189242352941031,0.4985567686274611,0.34637609411775067,0.19880167062956336,0.20226443171205583,0.1904645632227785,0.3655491245957063,0.5394506666666666,0.40562061158746815,0.006333253763074285,ID1789834546
0.45009832156866675,0.5918725647058183,0.2667889568628896,0.21898384005497862,0.20921526538831844,0.1972301524081936,0.4522392456928806,0.5922714666666666,0.6065377954296491,0.008211648474876244,ID1789853061
0.4651448156862976,0.5976465568626743,0.27921232941190693,0.16926258864784582,0.1731317919056402,0.1540436506323734,0.4453389774887204,0.5993771294117647,0.5675326252828415,0.004630372859103832,ID1831254380
0.3616737254902889,0.4898258823529487,0.2579290980393582,0.2777086339652857,0.2636701748429744,0.2561025811965914,0.44151181532819667,0.49031165490196077,0.5785784746952268,0.010824268958244301,ID1839139621
0.48444053333331494,0.5281695058823193,0.474108015686262,0.17475817295327672,0.14127476822802382,0.1732977228422236,0.35525868794397114,0.5466086588235294,0.19075181920041306,0.002972357441439587,ID1853508321
0.43521879215689785,0.5348284862744807,0.22799422745110964,0.20329144663023913,0.20468442039705692,0.18003512673584332,0.4464189956708571,0.5367420549019608,0.6319774010484326,0.0074437630127665725,ID1857489997
0.3868720000000912,0.4688567215686545,0.3354396862746318,0.26260453677790563,0.2597864357552129,0.2649604891469841,0.39361077584647625,0.4831364392156863,0.4333983201924206,0.009787141947950564,ID1859251563
0.44047890196083755,0.4773037490196298,0.30935454117659716,0.21803156393350104,0.20089033040734897,0.21298384480878413,0.38895712042731506,0.4890458980392157,0.4291388909983766,0.007183130887188006,ID1859792585
0.37610080000008544,0.5227861960784171,0.25022632156876795,0.18270613252278145,0.18354761038350853,0.15897161323667217,0.4549474691441554,0.5229462274509803,0.567507292883225,0.006026050040732812,ID1868719645
0.46857938823531015,0.5767759999999437,0.22941941960799309,0.17588997127752787,0.16596125906682094,0.15120564343988108,0.45245324585863156,0.5788621490196079,0.6395123125094027,0.005102815716423045,ID187238869
0.5600825725489802,0.46859510588237857,0.33978657254912403,0.1827179626005693,0.18579472924272372,0.17316244293624208,0.3424240751661679,0.5628455843137253,0.43161049110839067,0.0056571846776754834,ID1874904894
0.4554508235294471,0.5190180078431287,0.2594810666668107,0.19113041461117114,0.2001739233552535,0.17559473832567637,0.4206151386269226,0.5283751843137255,0.5547941275576301,0.006279781597127118,ID1876271942
0.4241203450980934,0.4458036392157196,0.30638679215697856,0.22906689214824055,0.21728375861003715,0.21567513032916802,0.3789845742757289,0.46997587450980394,0.4075746103298976,0.007624940326176124,ID1880764911
0.374099607843222,0.42730080000005544,0.2905650196079756,0.17692592492848982,0.17103405586247097,0.15524948997067115,0.39131348746644934,0.435548768627451,0.36629570917721743,0.006236039671746085,ID1888700589
0.44245800784317224,0.4303260235294585,0.39434431372556433,0.176831406248702,0.1691826017054159,0.17268502532783234,0.3396072898649453,0.4534449568627451,0.15064419784764602,0.004598094472261051,ID1889150649
0.5381782588235001,0.5000830745098068,0.379853992156941,0.18746032368510915,0.19128181323887083,0.1802087572137382,0.3526392142925942,0.5495778509803922,0.34017336040262747,0.005848764573572898,ID1894998379
0.41950180392163444,0.47711927843138835,0.225481223529567,0.22376682503268755,0.22370536389503415,0.19475721309696115,0.4252012276464478,0.48232746666666665,0.6012271535720987,0.008234986594530409,ID1899025384
0.4016724392157532,0.5266883450980153,0.2126283294119124,0.19216512449759554,0.19036743397334802,0.16712049811517452,0.4616068096536073,0.5274791529411764,0.6471444545434859,0.006595542463828829,ID1920959057
0.4675807058823733,0.5075767843137193,0.4609283450980685,0.1603062882332237,0.21529677754255536,0.18742502712509795,0.35344460023610286,0.5329939764705882,0.19632438086529957,0.004555992481518228,ID193102215
0.4374501333333813,0.6160374901959882,0.2334519529413201,0.171939654907459,0.17227747987808398,0.1373892862052638,0.47868408197277507,0.6160709960784314,0.6539515703511147,0.005836355530894322,ID1946311744
0.2869684392158094,0.35233132549028323,0.2032584470589715,0.12210831906078883,0.13100483322614942,0.10899785976777737,0.4181685255123447,0.355673662745098,0.45579218445153047,0.003398948191627359,ID194823383
0.38236630588243664,0.45281706666669425,0.2514533019609229,0.21501883713104944,0.2224018605938271,0.17773186157390058,0.41671432307781026,0.459048094117647,0.5062402119451272,0.007177104458880717,ID1948354837
0.44171880784317463,0.47026149019609886,0.3666842980392933,0.1489348164454955,0.14250283739743805,0.14489840616435953,0.3677754833210604,0.4815849098039216,0.2597392043360953,0.00413421881758008,ID1952813879
0.4422188549020021,0.44404141176475337,0.3384356392158089,0.21984685879998178,0.20889539428375078,0.21363304098783295,0.36257278992223524,0.4694790274509804,0.3317074864601159,0.007323380425929086,ID1953171547
0.5241855999999797,0.5349405490195863,0.3261482980393054,0.1459062439503172,0.14238630706979405,0.1381807165679238,0.3861621426491889,0.5559510588235294,0.4352592580575634,0.003518831871049904,ID1953218650
0.38044665098047054,0.4854654117647174,0.3017283450981668,0.2046380579887458,0.19869986114303428,0.19452308994908668,0.41576619658582337,0.486715231372549,0.43599890192835755,0.007804938901264421,ID1954669045
0.44873458823530576,0.47549515294117045,0.4336884392157012,0.25260244172577306,0.269275308948414,0.24441172189851124,0.3501648033415967,0.5024634980392156,0.20823213090092857,0.0067141666726300885,ID1962197151
0.5654852392156451,0.564933364705839,0.3073223843138443,0.13248167171746503,0.13151530850715815,0.12915080511515933,0.3929312504377456,0.5957099921568627,0.5040588271329827,0.003337999846945756,ID1962379474
0.3316803764707103,0.27515460392169455,0.30613327058835416,0.12781707122562058,0.0972415902297338,0.09952641801209831,0.3013846355825892,0.338752,0.18169793749597388,0.0019785472863391006,ID1963715583
0.4522571921568935,0.46039181176472116,0.35549706666675585,0.23575490655339124,0.2225085233049552,0.22844663684857555,0.36304320305000354,0.48495460392156864,0.32430132429802666,0.008024570746937989,ID196516535
0.4244354823529823,0.45566334117649826,0.3600736313726378,0.2331309459006189,0.22360211741560088,0.215134650533651,0.3674193367284895,0.47126290196078435,0.2861565542350926,0.007917929590224889,ID1970522802
0.4683272156863084,0.4621685019608151,0.2921556392158371,0.21674905400401528,0.22473875232989365,0.20641618693412206,0.3780051434847518,0.4968222431372549,0.4803005972465528,0.007789284895347042,ID1976436386
0.4286579764706445,0.4585579921568922,0.25530164705897695,0.22765199437351807,0.21843022490933506,0.18552360633957451,0.4013574805846624,0.4714573490196079,0.5094302121755865,0.007569008718114961,ID1980675327
0.4774791843137293,0.539907764705836,0.491532988235287,0.15832234164606712,0.19688263967948263,0.18065790089301278,0.35781074331237783,0.5595864156862747,0.2027080554792693,0.00377324216203338,ID1982662138
0.3557410196079421,0.4145801725490821,0.25541327058837565,0.1936952646547701,0.19608741267327642,0.17524892938689776,0.40417884667272536,0.422625662745098,0.4489620298156352,0.007093310625528779,ID1988033238
0.3924634039216435,0.5041011764705795,0.2553124078432611,0.18871244075134339,0.18664136714202945,0.16762125692729773,0.43763455749312086,0.5049041254901961,0.54645393735507,0.0053655475824404475,ID1989506559
0.46152756078433577,0.46748056470590377,0.3226009098040433,0.2047436809493511,0.19276858682354536,0.2017384848113115,0.37350366699972276,0.4892217411764706,0.3948699216229686,0.006312334592319562,ID1993907137
0.4583148549019947,0.43982751372553536,0.32816188235306404,0.22653704981146297,0.22373594294318183,0.2188655713903945,0.3586610035928469,0.47303083921568634,0.36317725873645557,0.00803892894222631,ID1997244125
0.453212423529441,0.5579035294117382,0.2577133176471987,0.16013110736561248,0.17043577387275294,0.14732827247749544,0.43969944728129523,0.5606266980392156,0.5739675827495391,0.005378047669831779,ID2002797732
0.3420320000000992,0.4601726117647313,0.20328966274524962,0.18906754018464128,0.18986719302703342,0.1563259451944707,0.45765811200793655,0.46091018039215687,0.6156006489858037,0.006494849265963414,ID2003438517
0.5111588078431291,0.4767740235294375,0.29976006274523603,0.21789356570316276,0.23049428568126168,0.20927365881914498,0.3702544491292083,0.5289626666666667,0.5051736825711974,0.008793027906973314,ID2006686196
0.2253730196080106,0.2909945411766043,0.16241414901977044,0.17549550020184285,0.18879013749020457,0.14140122055619933,0.42870121063185884,0.29213421176470583,0.4883410662181879,0.007816689312659521,ID2010625680
0.49064332549019996,0.5263048784313523,0.4455369098039588,0.15787649760985073,0.15551736035648742,0.1619265202185689,0.35987024628974273,0.5388698666666667,0.20692166165419904,0.005065396268947054,ID2014192906
0.5782958745097506,0.5230124235293946,0.41778738823534806,0.13312709898942615,0.13108861821616402,0.12102837676191124,0.3442919546877028,0.586400156862745,0.29484669132124475,0.0030393009404335127,ID2030696575
0.3669582117648062,0.44552687058828216,0.3468443607844242,0.2378772919876258,0.2369213913288705,0.22261347565245448,0.38429703725823466,0.44772263529411765,0.32030657403746793,0.010563000939255527,ID2037861084
0.40960527058830565,0.49837634509804124,0.29609596862758253,0.17481593707814583,0.1716818567092831,0.1575111162967104,0.4139071694189071,0.5011002666666666,0.44600866767753183,0.00574497352558229,ID2048645043
0.5818085647058153,0.5657404235293577,0.46612304313726816,0.184605655922722,0.1409195844393899,0.16665999190264308,0.35059194940473676,0.6116705254901961,0.2596756898813528,0.0024974406771402623,ID2052442675
0.4347177411765418,0.5387823999999779,0.29062961568642665,0.23319300410492433,0.228708804427446,0.22536502231586217,0.4262081456818227,0.5414324392156863,0.5408141455856611,0.007759464975876003,ID2052993274
0.45891338039219076,0.49266644705882806,0.2654277647060279,0.22322954289317756,0.2276221439324599,0.21144834417373393,0.4048178908898991,0.5046444235294117,0.5459708189979751,0.008880020595556084,ID2053315094
0.4277821490196643,0.48030641568629423,0.2830240941177688,0.2399442792081608,0.24171395023939926,0.22474247074843656,0.4032418022971687,0.49040288627450984,0.5037928863036003,0.009948704038154127,ID2056023629
0.46739880784314813,0.5819448156862064,0.2693499921569926,0.16969209126475077,0.15586126822598986,0.1453683377775634,0.44130403629960285,0.5850258196078432,0.5708408258113348,0.004440007627963217,ID2056982009
0.45808806274512465,0.44059134117650195,0.32120150588246055,0.2263472912223962,0.22239374197618547,0.21711875298031486,0.361175699426336,0.4757604392156863,0.3742388567653222,0.008539486527833913,ID2069766023
0.5209290980391822,0.4258889725490731,0.2389644549021034,0.22881887754782942,0.22844788305393737,0.19630634941073402,0.35916280012120405,0.5320118588235294,0.6157517335215459,0.008052007187221774,ID2086966681
0.4296772392157329,0.5984931450979598,0.22749449411779396,0.1674838930437415,0.16804893638683968,0.14012131245808318,0.47663445470333843,0.5986073098039216,0.6541694031150725,0.0055067159765736185,ID2089023774
0.5448926745097699,0.6219121254901097,0.39723987450986586,0.12612452190756684,0.10595903045249062,0.12640826362276722,0.3976306656888936,0.6293517803921568,0.37942639871584344,0.0027028814487561714,ID2091439402
0.5182407529411556,0.4537959529412105,0.32939240784324314,0.18557835091553102,0.18789301863193147,0.17248477875601323,0.34869048786947415,0.5241619450980393,0.4078977037010647,0.005780847795275366,ID2096636211
0.44955460392158947,0.5013904313725414,0.3234986980393105,0.21870613747948234,0.20742163932045288,0.21429991763133643,0.39341904068819344,0.511305662745098,0.4327788076477448,0.006705471140904254,ID2099464826
0.3913593725490892,0.5143194352941062,0.2233622588236695,0.20726647121920364,0.20369009445782452,0.17872554002535027,0.45553651680441914,0.5148028862745098,0.6293175327796808,0.007429063489296013,ID2099742797
0.5218882196078181,0.5744618039215168,0.30269945098051587,0.19660192418210035,0.22538714597307713,0.19609630414662593,0.410608641064797,0.5925030588235294,0.5392034714494441,0.0069781651007415875,ID210865340
0.3177888313726821,0.3113569254903308,0.2738381490197558,0.18698296669805,0.17754787255410395,0.1554864842373799,0.3448089419059306,0.33798588235294114,0.23265389014309618,0.007273537336467705,ID212206250
0.4517796078431627,0.5244823215686056,0.34136743529421526,0.1806141070037227,0.17364791588467068,0.1683976066361678,0.39804996398785397,0.5308922666666667,0.38898057783049367,0.006019985361462287,ID212206832
0.35800492549029633,0.4693249568627609,0.2111012392158361,0.2595729284602706,0.2550246050773967,0.21597845282387176,0.45195578855700574,0.46993565490196076,0.643827702493516,0.010144908372543742,ID2125100696
0.484446588235303,0.5349566117646736,0.29137954509815894,0.18068384074390112,0.17822065769571727,0.1721833361402765,0.40811996752101165,0.5464597647058824,0.5108671144655257,0.005333156302806485,ID2131261930
0.4209687215686628,0.45152953725491696,0.3050299294118686,0.23415340503826762,0.22857120241167486,0.2160282114927456,0.38345539527855244,0.46966864313725487,0.3997131268380697,0.008383988379361414,ID21377800
0.40515290980399854,0.4717087372549222,0.2264038588236998,0.2313407943986453,0.24412807573632136,0.2160696374302126,0.42755686125616227,0.48172075294117656,0.6179335797850147,0.008461332822421213,ID2145635095
0.5023413019607799,0.6046713725489509,0.27512567843150254,0.1639496844632814,0.1516983811378252,0.14283503307387435,0.4374897569586298,0.6081149490196078,0.5759108284117865,0.004455683118500461,ID227847873
0.350303717647161,0.40697418039221767,0.24735545098053274,0.18409427744554677,0.18149107480811022,0.16024441762776215,0.40509722316519914,0.41445957647058823,0.4376923696993501,0.006164582900220122,ID230058600
0.4543672784313987,0.4671005176470729,0.297614337255018,0.23012072903536943,0.21446076338594683,0.19462096624208064,0.38315754492001586,0.4975867294117647,0.45799951628465263,0.006582591045394138,ID249042826
0.549216219607801,0.5630911999999574,0.28103140392169806,0.1455494970516257,0.14951185669456385,0.14269616422584983,0.40413084749154143,0.5862860862745097,0.5460989289053148,0.0038481787483377293,ID257822026
0.3170608941177751,0.45166603921573095,0.23685669019623576,0.23889123333197249,0.24095102866698226,0.21654423671902998,0.4491581089806939,0.4522768627450981,0.5724476769108351,0.01057743740581136,ID290369222
0.4778991058823684,0.6074604549018668,0.24053829019621698,0.1535276402827746,0.15063791732340742,0.13139578682360673,0.4581502670017318,0.6079132235294117,0.6304263766626856,0.004435435402115894,ID294150104
0.44402095686278065,0.4365533803921966,0.27273487058837564,0.22127543843642977,0.2221361656967807,0.19866552015020492,0.3785224092938731,0.4656071215686275,0.4698216058075256,0.00770526085004263,ID307060225
0.38734566274516613,0.5646705254901554,0.28744737254914515,0.1798058160720974,0.18909200235611356,0.17991110074142047,0.45557654367603534,0.564804862745098,0.5397043816032961,0.0058321860298547416,ID315357834
0.4147032784314305,0.4835632313725615,0.30366127058836356,0.21870478159530893,0.20528342475389857,0.20849612947252427,0.40232303376196593,0.4919861333333333,0.4428717436594008,0.007109565385515854,ID317990700
0.5670972549019089,0.49015937254902514,0.36854189803930193,0.18116930738574927,0.1781705812498804,0.1737331814374035,0.3437788463392564,0.5703757803921569,0.384174319574042,0.004995038806735521,ID325799913
0.4306611137255386,0.48183130980392497,0.32061069803932657,0.14543602777010659,0.14533887605399373,0.13928700803210783,0.3907469707806578,0.49102861176470586,0.3707768846927963,0.004433547323721512,ID332742639
0.45495880784315457,0.5866455215685522,0.24909819607855696,0.17872022462706574,0.17266074499321435,0.15741208429279924,0.4545164431991816,0.5875311686274509,0.6158718902328657,0.0055175862647131105,ID342818398
0.5026395921568663,0.5305565490195909,0.46340247843140564,0.16724228597685042,0.17963415847605266,0.16745511220108655,0.35450824403680026,0.5511701333333333,0.1892053850663346,0.005403098285432853,ID344618040
0.44815168627455937,0.441513662745146,0.3163690039216883,0.242501511458609,0.2442147514485938,0.22753241255543713,0.36608713616013705,0.4697127215686275,0.3848002641355607,0.009774677534379349,ID353424190
0.42700583529416025,0.4818301490196141,0.3253211294118683,0.207005290280628,0.19648880178231884,0.1973656797795958,0.39041232535998993,0.4909477019607843,0.38603169646847885,0.00754838960098176,ID353997899
0.49012279215687005,0.5425719215685941,0.3048705882354255,0.18726456637657293,0.18659409307185879,0.1710626445438157,0.40564144447193307,0.5553785098039216,0.4834534910031808,0.006035382918871503,ID354528442
0.5109027137254846,0.5602293333332882,0.28796592941189103,0.16897443354467356,0.1696882719916571,0.15236168556724522,0.4122067302137389,0.5724140549019607,0.5213388448438793,0.005033839099855724,ID363069566
0.44564944313730587,0.5537249882352686,0.39598804705890145,0.17469917186954412,0.16712299987900234,0.16877845991701504,0.39683236176801695,0.554956674509804,0.3201400625540041,0.005135030563608958,ID364856705
0.3187825254903249,0.44569596862749306,0.1639845647060361,0.1732640662002595,0.1824148735769836,0.1606216699876988,0.4800362964489395,0.4462827607843137,0.693540350628904,0.0056041204976872774,ID380752847
0.5002684235294036,0.5889845960783747,0.342574431372641,0.1129015030312711,0.09781508148123196,0.12449529599030505,0.4113516578158394,0.5922618039215686,0.43194142922082185,0.0021159372829301576,ID383231615
0.3461049725491539,0.44644225882359184,0.2594542117648803,0.2111243572596139,0.2166944063376035,0.19365327858089695,0.4243741881833261,0.44870136470588234,0.4916920847058478,0.007947036914026887,ID384648061
0.523566211764677,0.5794777411764124,0.2654833568628777,0.16319566864935942,0.1609685947745585,0.1493479259717101,0.4234316236158906,0.5869400784313725,0.5806763226413003,0.0050609794254055825,ID386216505
0.40532078431380897,0.5216125803921552,0.34897173333345866,0.24339331304064707,0.2340997270502418,0.23896636814657649,0.4088176940313634,0.5224994196078431,0.40894068991433935,0.009206875196286872,ID397994621
0.4375544470588624,0.4487755921569012,0.2604628392158343,0.24972799306203786,0.24812250872037758,0.2295791579655413,0.3913309894105155,0.46890654117647057,0.5352672273745436,0.01149589749258642,ID407646960
0.3913544156863667,0.4868233098039431,0.29523460392171597,0.22682179483709056,0.213419931950471,0.1849417034738145,0.41487829741230225,0.4879907137254902,0.4376121628189888,0.0074292714520898685,ID40849327
0.46787610980393224,0.5134128941176375,0.42387645490200987,0.1646897618864427,0.15495756271865863,0.1609188560210419,0.3653754015431728,0.5226808784313726,0.21977242339309527,0.004899959398143117,ID415656958
0.3968104784314523,0.5130361725490178,0.2304228392158404,0.2209702435014764,0.22560768917822926,0.20322361850951667,0.44992536984460335,0.5142700549019608,0.6207191365067403,0.008854654575348658,ID423506847
0.5248205490195916,0.459153819607878,0.304158964706016,0.187480256349575,0.18790624484633142,0.17811327678702504,0.35644898503108485,0.5308883137254902,0.4711832460612621,0.005538963536778067,ID429799190
0.43801540392161403,0.4956288941176554,0.4447707921569027,0.20027183341071092,0.23260558950550106,0.2129247435406743,0.35956432665544497,0.5071607843137255,0.20319760986418317,0.004328259771768133,ID431471530
0.49188549019608513,0.5196116078431242,0.3544570666667657,0.22179376725237568,0.22345612830627518,0.21338865522422099,0.3804019350638826,0.536479937254902,0.40158325799725136,0.007872190693446775,ID443091455
0.36354127058834185,0.5024856784313855,0.24795557647074498,0.24689928086267446,0.23655808574427983,0.22290840289278896,0.4510714185207492,0.5030057725490196,0.5924030577591282,0.009685981163573215,ID4464212
0.39773041568633927,0.5072671058823409,0.20396119215700323,0.23295608664839063,0.2285817950551148,0.1950436949402213,0.45742650212890984,0.5078166901960783,0.6759447229624655,0.008725291472159355,ID471758347
0.39327040000009944,0.41124320000008463,0.34137734901974226,0.178084594858694,0.1706945660612076,0.169276657459049,0.358885110309086,0.4269849411764706,0.22353156014190043,0.004117652681329707,ID473494649
0.3473200000001261,0.46055523137258775,0.2537352156864145,0.22387231697770515,0.22524129060585105,0.21000296637841062,0.43382695810369065,0.46394522352941175,0.5154808195085258,0.006835950412978124,ID475010202
0.5091538509803956,0.48272235294120003,0.464016345098071,0.17079478831344216,0.1825479801305523,0.1681085888377621,0.3315645463909265,0.523905505882353,0.14581028570335747,0.0054449295871957714,ID482555369
0.368478964705984,0.47801725490198,0.2328332549021352,0.2313580288669872,0.22772175257485783,0.2001958359411503,0.44288353625853255,0.4800591372549019,0.5851566693711604,0.008380380152299883,ID48303557
0.39509345882360014,0.42901838431376926,0.2692428862746381,0.2472855480886775,0.2413334062813117,0.21227484563613694,0.3923871844887,0.44172514509803923,0.4460512765703369,0.009239989496585391,ID488873801
0.37342494117658953,0.49376834509806916,0.3150120156864138,0.2788201066034586,0.26152218167107927,0.2551271940661187,0.4176671715659931,0.4940236549019608,0.4622521837576457,0.010968957994654142,ID490139972
0.44917217254903574,0.5220936470587975,0.36671231372557117,0.20037086193896902,0.20564021481505307,0.16688420776282056,0.39021089632298833,0.5367162980392156,0.3402596884594146,0.005341101229234591,ID498304885
0.4041322352941879,0.5334269803921381,0.2315460392158334,0.2197958361375966,0.21545804787029021,0.20399266554055528,0.45626942287630917,0.5338026980392157,0.6400190198404025,0.00828783304379051,ID50027657
0.45890092549023564,0.5863094588234697,0.3284311215687444,0.21747834374024927,0.20889058036398125,0.20854639424920524,0.42682858364853093,0.5867506509803921,0.49109080772326924,0.007269577672175519,ID520514019
0.3839034039216459,0.5153014588235163,0.24094952156875935,0.2232244592045084,0.21985116278453568,0.19759449576625218,0.45195761684645636,0.5159183058823529,0.6027786833819957,0.00890195509698961,ID528010569
0.45098901960787907,0.5581428705882027,0.24275247058838928,0.17904919658231128,0.18176906880349084,0.15861822006956655,0.44584219407662395,0.5599038745098038,0.6089712682315116,0.006230284860346106,ID529933668
0.3867578352942022,0.4793882666666785,0.23940059607858086,0.23012076484282232,0.22113242017517382,0.2058115649244484,0.43362100134095477,0.48026672941176474,0.5886792558959828,0.009263060331647805,ID534966093
0.5109105568627463,0.5864243764705358,0.21661923137270106,0.14756510392040542,0.14563429022858054,0.1234574237603104,0.4463050476006915,0.5924266666666667,0.6588357875836638,0.003801255390495735,ID54128926
0.4600770823529887,0.5243533803921561,0.30246418823544746,0.23407700806813306,0.22921952370852347,0.2324783503260674,0.4074563365269652,0.5282338509803921,0.5032412066188635,0.00886161669345669,ID544444725
0.3681407372549846,0.44157609411768556,0.12188618039226598,0.15667505654786187,0.17039923898612502,0.12038322115957573,0.47399599192698716,0.44745289411764705,0.7614295398836824,0.003969559182400437,ID545360459
0.4781415529411851,0.5236061803921365,0.45022434509806775,0.16159026745422636,0.1519732015055931,0.1467943396933483,0.36061725139865447,0.5319218823529412,0.18700890617373492,0.004173617981167814,ID550623196
0.5789050352940535,0.5779788235293447,0.4913539764705893,0.18755008042606805,0.19602247400908981,0.18709114445851327,0.3506646982627898,0.6044991058823529,0.20237701795075155,0.006843365314225678,ID552040066
0.37775187450988856,0.4366680784314231,0.2648911058825007,0.2532114879935518,0.25577845829716866,0.23154831187598646,0.4045803797310343,0.4489389490196078,0.5102079889075262,0.008204065149296206,ID554314721
0.4737718274510015,0.5469327058823166,0.22316542745113452,0.19230270906863928,0.19483962256061152,0.16896741986665398,0.4397024791061666,0.552475294117647,0.6406936480070418,0.006129179140702151,ID560946727
0.43021374117651223,0.5484367058823141,0.22871008627464634,0.18789268829905398,0.20149749634346634,0.15377037923887082,0.45424435393283774,0.550988768627451,0.6245616422783715,0.006769191862177956,ID566966892
0.4519711372549247,0.5038877803921482,0.44191209411768845,0.15158930234813964,0.1472029439555848,0.1466756023409318,0.3604937974750735,0.5160703058823529,0.18170109061045064,0.004214667511069043,ID567744300
0.5124858352941012,0.540743403921524,0.3188319686275567,0.15888738765624955,0.15998713658273,0.15221086287418953,0.39411026303807384,0.5580301176470588,0.4583909904194609,0.004348502005823223,ID572336285
0.4469429019608124,0.615700486274431,0.24111030588249,0.16848342879310516,0.17119107486008364,0.1483384458684011,0.4722521505251275,0.6159686588235294,0.6456040998504801,0.004306991602283438,ID574213894
0.5009053803921505,0.5155167999999818,0.48565963921569283,0.17374421968349638,0.19157135239507941,0.1784182411142338,0.34320154396874014,0.546700768627451,0.17812336799905065,0.00573214677292998,ID576137678
0.45037609411771307,0.5319958274509741,0.3928492549020466,0.2740000847069726,0.26790886189698837,0.272940012916357,0.3868438300444188,0.547095905882353,0.39882610978898886,0.008161696886245663,ID576621307
0.37841050980401625,0.395046682353026,0.32678509803933864,0.20101908714817734,0.20208152539630622,0.1876728531848208,0.3590542606060528,0.40941210980392156,0.23774350188973434,0.006633081025362571,ID577112774
0.47204053333333484,0.4112001254902472,0.24892476862758459,0.24408316957090626,0.2478189045368201,0.20916950866370151,0.3631979171566652,0.48817537254901966,0.5516212398877078,0.008934981857659247,ID587125778
0.43243127843142914,0.48905367843139164,0.23574936470605456,0.2238909956450546,0.22163649563793986,0.21046059342612503,0.4226055768427007,0.49747636078431373,0.6013540295951544,0.008795535179106355,ID588120964
0.4063947294118348,0.5161373176470503,0.22459002352955829,0.22905239629006344,0.22353133715441031,0.20239071411970996,0.4499410572166433,0.5166578509803922,0.6437742530915749,0.008914015093907471,ID600602588
0.39504260392163665,0.4430238431372795,0.30157104313737565,0.22095795018612677,0.2184859118602713,0.19872487024367796,0.38874102208784983,0.4513162980392157,0.3754221045207167,0.008551423094922055,ID605134229
0.30983196862757345,0.36560247843146354,0.23442829803937437,0.16476153592185727,0.16940903008905578,0.14863147422904177,0.40182157143943525,0.3694355450980392,0.3983584945012549,0.005967104299716946,ID610397481
0.5392474980391848,0.526025537254873,0.43855378823531505,0.14715365758919247,0.1268504854805458,0.144947710146934,0.3497912982231144,0.566934462745098,0.24160776847825036,0.003218458823474207,ID617132135
0.43608279215691137,0.5154262274509711,0.40956649411771984,0.1771196670464489,0.1791092723379715,0.1852166591673998,0.37869039731780263,0.518819356862745,0.260270137805799,0.006709224875660477,ID61833032
0.48129976470589564,0.5801395450979768,0.2671069176471808,0.15652350235700496,0.16315728509098584,0.14050924664807757,0.4366724564596892,0.5842713098039215,0.5713629645216965,0.004041157495767186,ID6269659
0.404272752941244,0.5789120627450465,0.22101556078446635,0.1697579757809389,0.17326541900477554,0.14853248256580756,0.48074396385837787,0.579147294117647,0.6570784583061746,0.00527146563591478,ID629980789
0.5646128627450556,0.5278215215686106,0.44264172549023745,0.14486317511967622,0.14859901181780474,0.14629171034600594,0.3438406199235267,0.5762698980392157,0.24605168760164275,0.004197971957283526,ID633775166
0.4338517019608319,0.578922823529359,0.3287625411765861,0.1716736511894766,0.18321104844458025,0.16901730768350523,0.43153695673592607,0.5803028392156863,0.4690915256110233,0.005496691362118658,ID638711343
0.5438641568627279,0.5724240941176013,0.30493524705894726,0.14684258013192295,0.14332289488533162,0.13938781162383654,0.40276852620615294,0.5960682352941176,0.5079005261659378,0.0039492544982952064,ID656251220
0.5054103843137121,0.4411774117647421,0.30995444705893793,0.23750122061714238,0.23159560879296445,0.2020701102409769,0.35110432126188285,0.5143715450980392,0.44154385185948464,0.00795833647523252,ID657448172
0.4126610196078928,0.41460771764710613,0.41699115294121925,0.1346851353904432,0.13363567183141223,0.13683715078569147,0.33321633252077804,0.4467990588235294,0.14437393147854088,0.003600917761472255,ID661372352
0.3997895529412549,0.5178586039215624,0.2384862431374065,0.22227011495285015,0.2176913301041848,0.20366512929511205,0.44792249367680753,0.5185092705882353,0.6151358441599084,0.008725731217189758,ID661817669
0.49420611764706496,0.5552924862744764,0.4198557176471158,0.1556999784083978,0.15562847047751688,0.17540779665901968,0.3779159850999994,0.5804487529411765,0.31985472675125826,0.003205375608250979,ID663006174
0.36233596862753975,0.5041209098039096,0.20366832941190333,0.24094076732463876,0.2370995406446352,0.20629570389664537,0.47108591185211857,0.5043648627450981,0.6832488210033236,0.01000727523348883,ID667059550
0.4194782117647664,0.5704243450979923,0.2284897254903311,0.17664725323907615,0.17734519778143534,0.1576141094522797,0.4681779036946538,0.5715315450980392,0.634064302966766,0.005148899718131131,ID668330410
0.36947099607849765,0.4319029647059182,0.17546083137266782,0.27986884219488695,0.27505835527264794,0.21872138075185318,0.4421453532690296,0.4397230745098039,0.7030367223750674,0.010408170349853526,ID668475812
0.4172024156863387,0.48667686274509786,0.32721753725501324,0.23253131778237002,0.2273340310982001,0.20067161759238358,0.395319731274271,0.49702713725490194,0.3925621012858872,0.007005912904782444,ID670276799
0.5218812235294021,0.5307366588235056,0.4630472470588502,0.17118656026671597,0.17535606058834446,0.17353752889426616,0.3501674929206304,0.5542324078431372,0.19256648583680094,0.005593388534044867,ID679913293
0.356935278431464,0.41477650196084426,0.33880119215696725,0.1362262212596119,0.13513484388456365,0.13014056909963742,0.373499915660769,0.4229543529411765,0.23022317661678063,0.003639690621854969,ID681680726
0.42077860392163285,0.4706568470588487,0.2686751686275947,0.21598258916685523,0.21694462638467651,0.21265887892153176,0.40569997265618696,0.4810042666666667,0.5175682202086394,0.008461208079788413,ID684062938
0.5054248784313632,0.4608952156862917,0.3269829960785372,0.1949751299661334,0.20014466372261874,0.191634963083554,0.3563706132179766,0.5159757176470587,0.4127571729051439,0.0061667761565692885,ID684383343
0.42555541960789445,0.5236506666666441,0.23694525490209414,0.20287405992092247,0.19813187488515477,0.17928707949915199,0.4414703655822917,0.5255128470588236,0.6069577633804909,0.006383443178754799,ID686797154
0.3905729254902816,0.4277197803922032,0.27084856470602203,0.2577834497845691,0.26041430255819403,0.22643411454581786,0.3927128569541545,0.44671146666666667,0.4579589371423743,0.010253532330729396,ID697059386
0.3345018666666963,0.446583874509789,0.22000395294127145,0.2370913999025975,0.2266974762928037,0.18972286412856687,0.4460977639543657,0.4476409411764706,0.5725559760021405,0.007991230741421535,ID697718693
0.41130177254907657,0.43825967058827586,0.2932877803922838,0.24314817080712825,0.24771698456568553,0.2294048670211158,0.383479868719035,0.451846337254902,0.4111227532572481,0.010930042939858605,ID698608346
0.45771924705886324,0.5702512627450409,0.22245822745113156,0.2020030954325426,0.20065282736610976,0.18240915734720267,0.45604459118623775,0.5731900549019607,0.6648810348499894,0.006358370155694236,ID706288721
0.4447530039216172,0.5808196078430815,0.32629669019618524,0.23128557071743217,0.22820031640205632,0.2154252167586614,0.42964183488075497,0.5810262901960783,0.5052944154204675,0.008302095544757993,ID710341728
0.4149402666667327,0.46660668235297476,0.29308138039229625,0.24209986747813944,0.24411111952944747,0.22514873149889789,0.39723772215617453,0.47423416470588237,0.46357235052502893,0.009831111170317493,ID71885430
0.4531536313725778,0.5846178823528644,0.2504939921570003,0.13958714590800528,0.14596788934707233,0.12374219681885704,0.453802325087178,0.5852551843137255,0.5960746468198688,0.00405672319985056,ID72895391
0.4285640156863162,0.5472820705881835,0.258027137255026,0.2261826404025804,0.22152834279636327,0.2176729630411511,0.4435480564033322,0.5487743999999999,0.6105965458221845,0.008285334194416554,ID740402124
0.4928501960784324,0.592407152941106,0.40563011764711676,0.15335664462284915,0.14366516190985998,0.15081101938155103,0.39735202407212206,0.5973982745098039,0.3467966315228086,0.004775670377127721,ID742198710
0.42464106666672646,0.5116972235294116,0.379858666666759,0.20186550120965877,0.20354174551334722,0.20238437744558319,0.38876949264512206,0.5137969254901961,0.314609892850267,0.007842732553969257,ID743847993
0.39003545098049947,0.4644885647059282,0.20610246274527055,0.24149574054086456,0.24259099169446832,0.21553614973797086,0.43793792981183066,0.4684532392156862,0.6521639568529108,0.010573513177461115,ID746335827
0.4154273254902758,0.49769615686276514,0.21193320784330985,0.2135497739899541,0.21907956190488515,0.1859467191342676,0.44237429167549797,0.502092737254902,0.6407814336712531,0.006564138545656718,ID748979397
0.4174685176471152,0.5052639372548934,0.2845061019609169,0.22535892865290574,0.21072888500473444,0.21426115342882415,0.4185286611035024,0.5091966431372549,0.507834995671953,0.007759912629326866,ID750820644
0.3801428392157781,0.5267529725490018,0.24494164705897933,0.2126007032919937,0.21364708066454846,0.19586021149412627,0.4573153686368208,0.527054494117647,0.6035911250061374,0.008288447609133524,ID751517087
0.4642347294117998,0.5160362666666685,0.30337270588249543,0.19722711991698233,0.19452940456248966,0.18243694473299416,0.40200895737371245,0.5309182745098039,0.47356394649606304,0.006462859615110889,ID753699705
0.5405258980391875,0.5874331921568042,0.2666357647060202,0.12547196966394894,0.12807539668516116,0.11365467179103578,0.42122139607123205,0.5988548392156863,0.5688998451825602,0.003130324402385172,ID755710743
0.3553252705883141,0.4257204705882716,0.30466889411776577,0.24752997328687776,0.24566449365801016,0.21734044680362816,0.3921108331387118,0.4302827921568627,0.3811150271285083,0.01100296331055095,ID761508093
0.3516851137255961,0.4940912941176595,0.25222886274524514,0.1466965511376721,0.16049203098075185,0.1285040650983232,0.4499899107067585,0.49544511372549016,0.5124589172797448,0.0039105300531405845,ID779628955
0.34314773333343196,0.4128786823529855,0.28048109803936927,0.14394021361624468,0.14413530976967742,0.14847386537186216,0.39833640999912545,0.42082054901960786,0.3458841110297923,0.0032148549640953917,ID7850481
0.48871134117646897,0.49081430588234554,0.4720610196078444,0.18889317584225282,0.20605826207182446,0.18561413405720906,0.33812263285064537,0.5202891294117646,0.14466824488826285,0.006978123237587652,ID786365141
0.4795903058823582,0.5649794509803396,0.48094390588235436,0.1881436417067098,0.20652936457566057,0.19385114209711712,0.3703535828013143,0.5689963921568628,0.21240223097096278,0.003901310405108111,ID789169173
0.3900036078432183,0.5731606588234693,0.2117592156864227,0.19852558281096438,0.20863561689691038,0.155997972662026,0.4878280730143617,0.5731621647058823,0.6811258084987232,0.007170690047885519,ID793526563
0.5184572862745013,0.5082271058823546,0.47915353725493065,0.18469062445344825,0.19656846551224605,0.1731251024998715,0.3375045186591726,0.5424457098039216,0.15258529284955263,0.006748025697631454,ID797502182
0.5140512941176333,0.5266770196078314,0.46416665098042514,0.16946883287678058,0.1692709186224194,0.16274145900255335,0.34997593294545104,0.5567939137254903,0.1965454720055612,0.005051752046738792,ID799079114
0.502599309803926,0.5821334274509097,0.2966934901961986,0.14688256523998094,0.145982546379911,0.1363955994792909,0.4214003002560942,0.5908411294117647,0.5167617735708333,0.004119410668024619,ID802547515
0.4096340705882888,0.4207077019608334,0.28494647843149395,0.22101165031355008,0.21691198745776855,0.1927184761912364,0.37721880528527735,0.4414334745098039,0.3904556724507463,0.007943186490404647,ID803479541
0.41720254117652317,0.5061479215686232,0.24604260392171454,0.20746532880896154,0.2050462991012451,0.1826695675155684,0.43282958960794493,0.5092233098039216,0.5736417456460915,0.006744796451846687,ID808079729
0.39658447058830787,0.5528300549019246,0.262268423529541,0.16950263089092715,0.16680928269925105,0.16460278646014123,0.45624975980135973,0.5531686588235295,0.5695536261348142,0.004601365465077351,ID808093827
0.46332028235296413,0.5494544941176142,0.42888730980396567,0.1479336384635768,0.14421725878973352,0.158424777317696,0.38112571521968475,0.5548250980392156,0.2583617019263633,0.005007380192480924,ID8209776
0.48105126274510995,0.5320782431372288,0.3995990901961478,0.18707290413577612,0.17981118112560723,0.17992651533524748,0.37663160796600503,0.5429605647058824,0.2976973343642169,0.006602121287285567,ID828217731
0.3869203450981124,0.4715358117647269,0.23916511372565483,0.23205443467317421,0.24111877026903417,0.19629349185181616,0.42959791685005627,0.4787037176470588,0.5565311553671095,0.007828691544269354,ID839432753
0.4857775686274546,0.5399786352940825,0.4219925647059328,0.1731347352221058,0.1589198335727712,0.16784846361009004,0.3729781344818743,0.559020674509804,0.27403546430778686,0.00405852198397358,ID846154859
0.5927332392156072,0.5480676392156607,0.4626697411765134,0.14614244145961058,0.140110478266986,0.15267330582690192,0.3418008613141415,0.5966549333333333,0.24122994380632606,0.0024984030835791884,ID846984946
0.45865088627453876,0.5439339294117284,0.339428580392255,0.1494254126794941,0.13524570121264776,0.156365860712004,0.4053118475537114,0.5482586352941177,0.4128285033326832,0.004115312967122751,ID853954911
0.31232040784326115,0.34786560000009953,0.2471168627452524,0.19877141011491983,0.18718040805437391,0.16362731996188187,0.38340625924727356,0.3564924862745098,0.3418527921298172,0.007780893082142216,ID866684633
0.39354939607851414,0.5052913568627483,0.2731064784315161,0.2277463081625775,0.22811186394609728,0.21520457128479634,0.4311553821751104,0.5064068078431373,0.538675911292427,0.008750875985634583,ID871463897
0.43207667450984466,0.5547022431372175,0.2861646431373741,0.15802181430396023,0.1556673825816568,0.14538709771869787,0.4357634225036854,0.5553603450980391,0.5166599341274897,0.004720263205080506,ID875119737
0.3816074666667506,0.4989222588235397,0.2289425568628949,0.22085200033436406,0.21998925225462335,0.19805490399347025,0.44969330582611283,0.49968583529411764,0.6153757246419524,0.008760929535633045,ID885388135
0.5276689254901713,0.5562279843136846,0.2648700862746513,0.14468667917155034,0.1467076323225982,0.14428238911356714,0.4123973862931852,0.5705774745098038,0.5611930665659234,0.004151212449272609,ID896386823
0.5042686117647093,0.5256343843137095,0.3525175529412758,0.18035546875247288,0.1789874944937255,0.165583102757308,0.38022755398581204,0.5494613019607842,0.3787674183070599,0.005695031067989581,ID900012207
0.42646218039222056,0.6013869490195383,0.25888881568641176,0.22248864467060245,0.22013984063913886,0.20263260332797453,0.46737329138629125,0.6014172862745097,0.6385120680036644,0.00841532146639868,ID905397692
0.48411162352942316,0.5890714980391517,0.31692106666677716,0.1422287735921699,0.13785231576916984,0.1335045474891542,0.42376068110634163,0.5909316078431373,0.48467546071750217,0.003647558204033073,ID908524512
0.521368282352925,0.4626383058823835,0.3055805176471789,0.18212485765461525,0.18457207335895784,0.17528034072837853,0.35874917127605943,0.5273250196078432,0.46358470486402975,0.005673665261699885,ID914754166
0.4302525803922112,0.45637590588237964,0.2275459137256437,0.24041136388768877,0.23193271413759034,0.18370253163823116,0.4096090391887253,0.472835168627451,0.5678384157448543,0.008185540523834215,ID930534670
0.3845641411765535,0.5771227294117031,0.19770867450994795,0.16483545987952533,0.16838274929385127,0.14039359838963106,0.49777897746281224,0.5773185254901959,0.6929978551130322,0.004932742327055468,ID936984905
0.45372803137257495,0.5855568313724899,0.2545931294118998,0.13820057126858742,0.13847980467393103,0.12010958715971627,0.4525595415250671,0.5867286588235294,0.5879988419063429,0.003750574341100093,ID94564238
0.44828241568631966,0.5176039843137001,0.277312627451132,0.22420049267403183,0.22580393625754028,0.198110452391434,0.4163484466027621,0.529128,0.5310322327013869,0.007164294902477777,ID950496197
0.45639407058826625,0.462768407843165,0.21944310588250082,0.2264423398011466,0.22088095028121602,0.17785785438934862,0.4064343384681116,0.48672818823529407,0.6103673855761573,0.007665650479990665,ID95050718
0.5960757019607265,0.5784291450979906,0.5504208627450622,0.10658474878620564,0.1071465261453365,0.10925668188358593,0.33533568516898893,0.5967686588235293,0.08143465547847391,0.0009652839673656247,ID956512130
0.3732519843138169,0.4439524392157361,0.3069912156864037,0.25355402429054397,0.2498888274222291,0.22569567090992412,0.39490674339428444,0.4478577882352941,0.39668060563112656,0.011553323444488707,ID963903358
0.5313698196078133,0.4786188235294212,0.3280125490197115,0.1822158874174008,0.18452844810723776,0.17246454143069748,0.35771180622054927,0.5362248470588236,0.4272951442427319,0.005455386375806418,ID968643034
0.46883792941178437,0.5396707137254623,0.436354572549067,0.17350330550568246,0.1747229672583956,0.1782864778289503,0.3735098987177187,0.5490993882352941,0.25239462600636486,0.00632769727766676,ID969218269
0.5298137411764404,0.5395268705882093,0.3549390745098729,0.16514980088073963,0.15371188611576383,0.15748410378191996,0.37880682804698196,0.5629141647058823,0.39772100073498173,0.004179221525764323,ID972274220
0.28025088627463596,0.3625134745098817,0.25773590588248685,0.1307794065735355,0.1396840417434522,0.11818273811974145,0.40256898029477917,0.36609060392156867,0.33216622657609485,0.0035295031451557835,ID975115267
0.4298729411765147,0.5337886745097759,0.24840144313739806,0.21271692992307245,0.21501467911239042,0.19031774754651887,0.44039678479057254,0.5381268392156863,0.6020852167709954,0.0070775634673589235,ID978026131
0.44574870588240656,0.5338767686274306,0.35924837647069124,0.2208125875586842,0.2251370606572507,0.22382850987943367,0.3987506125671912,0.5372873098039215,0.39954881973094647,0.007984667588791752,ID980538882
0.2698025725491586,0.353893364705976,0.24740605490210546,0.11152119976672194,0.10965045495842543,0.10719520035792555,0.4062593903881652,0.3576737882352941,0.3394862523073015,0.0023205262944875353,ID980878870
0.41069110588242025,0.45545750588239275,0.16398462745113063,0.15942507718004212,0.17654021786714794,0.1271792446435528,0.44213455900803333,0.46546443921568625,0.6736258751249373,0.00500064329778028,ID983582017
